race_date,racecourse_code,racecourse_name,race_number,race_id,race_name,race_time,surface,course,distance_m,going,prize_money_hkd,rating_band,race_class,horse_number,horse_name,handicap_weight,jockey,draw,trainer,horse_rating,declared_horse_weight,days_since_last_run,horse_age,horse_sex,season_stakes_hkd,total_stakes_hkd,sire,dam,horse_id,runner_id,horse_profile_url,race_url
2026-09-06,ST,Sha Tin,1,ST_20260906_R01,GLENEALY HANDICAP,12:30,Turf,A,1200,Good,875000,40-0,C5,1,BEAUTY GEMINI,134,Y L Chung (-2),9,A S Cruz,40,1148,56.0,4,Gelding,0,0,Lucky Vega,Absolute Pleasure,HK_2025_L129,ST_20260906_R01_01,https://racing.hkjc.com/en-us/local/information/horse?horseid=HK_2025_L129,https://racing.hkjc.com/en-us/local/information/racecard?racedate=2026/09/06&Racecourse=ST&RaceNo=1
2026-09-06,ST,Sha Tin,1,ST_20260906_R01,GLENEALY HANDICAP,12:30,Turf,A,1200,Good,875000,40-0,C5,2,FOREVER FANCY,134,C Y Ho,1,K W Lui,40,1200,71.0,4,Gelding,0,0,Starspangledbanner,Nancy Hart,HK_2024_K354,ST_20260906_R01_02,https://racing.hkjc.com/en-us/local/information/horse?horseid=HK_2024_K354,https://racing.hkjc.com/en-us/local/information/racecard?racedate=2026/09/06&Racecourse=ST&RaceNo=1
2026-09-06,ST,Sha Tin,1,ST_20260906_R01,GLENEALY HANDICAP,12:30,Turf,A,1200,Good,875000,40-0,C5,3,POWER PATCH,134,P N Wong (-7),14,K L Man,40,1258,67.0,4,Gelding,0,40950,Calyx,Charlee Bear,HK_2025_L100,ST_20260906_R01_03,https://racing.hkjc.com/en-us/local/information/horse?horseid=HK_2025_L100,https://racing.hkjc.com/en-us/local/information/racecard?racedate=2026/09/06&Racecourse=ST&RaceNo=1
2026-09-06,ST,Sha Tin,1,ST_20260906_R01,GLENEALY HANDICAP,12:30,Turf,A,1200,Good,875000,40-0,C5,4,SUNNY Q,134,Z Purton,7,W Y So,40,1146,71.0,6,Gelding,0,1482450,Rich Enuff,Harmony Hall,HK_2023_J223,ST_20260906_R01_04,https://racing.hkjc.com/en-us/local/information/horse?horseid=HK_2023_J223,https://racing.hkjc.com/en-us/local/information/racecard?racedate=2026/09/06&Racecourse=ST&RaceNo=1
2026-09-06,ST,Sha Tin,1,ST_20260906_R01,GLENEALY HANDICAP,12:30,Turf,A,1200,Good,875000,40-0,C5,5,RISING ELITE,132,K Teetan,8,W K Mo,38,1074,56.0,4,Gelding,0,122850,Headwater,Ay Jay Charli,HK_2024_K544,ST_20260906_R01_05,https://racing.hkjc.com/en-us/local/information/horse?horseid=HK_2024_K544,https://racing.hkjc.com/en-us/local/information/racecard?racedate=2026/09/06&Racecourse=ST&RaceNo=1
2026-09-06,ST,Sha Tin,1,ST_20260906_R01,GLENEALY HANDICAP,12:30,Turf,A,1200,Good,875000,40-0,C5,6,VERBIER,132,E C W Wong (-3),12,C Fownes,38,1248,64.0,6,Gelding,0,2467500,Toronado,Vadirima,HK_2023_J187,ST_20260906_R01_06,https://racing.hkjc.com/en-us/local/information/horse?horseid=HK_2023_J187,https://racing.hkjc.com/en-us/local/information/racecard?racedate=2026/09/06&Racecourse=ST&RaceNo=1
2026-09-06,ST,Sha Tin,1,ST_20260906_R01,GLENEALY HANDICAP,12:30,Turf,A,1200,Good,875000,40-0,C5,7,SO MY FOLKS,131,H Bowman,2,C S Shum,37,1069,56.0,5,Gelding,0,362700,So You Think,Andresa,HK_2024_K456,ST_20260906_R01_07,https://racing.hkjc.com/en-us/local/information/horse?horseid=HK_2024_K456,https://racing.hkjc.com/en-us/local/information/racecard?racedate=2026/09/06&Racecourse=ST&RaceNo=1
2026-09-06,ST,Sha Tin,1,ST_20260906_R01,GLENEALY HANDICAP,12:30,Turf,A,1200,Good,875000,40-0,C5,8,GROOVY FEELING,129,B Avdulla,10,J Richards,35,1125,64.0,6,Gelding,0,1082250,Cable Bay,Cooper's Girl,HK_2023_J515,ST_20260906_R01_08,https://racing.hkjc.com/en-us/local/information/horse?horseid=HK_2023_J515,https://racing.hkjc.com/en-us/local/information/racecard?racedate=2026/09/06&Racecourse=ST&RaceNo=1
2026-09-06,ST,Sha Tin,1,ST_20260906_R01,GLENEALY HANDICAP,12:30,Turf,A,1200,Good,875000,40-0,C5,9,EMERGING STAR,127,J Orman,6,C W Chang,33,1133,53.0,4,Gelding,0,0,Nicconi,Brooklyn Rain,HK_2024_K390,ST_20260906_R01_09,https://racing.hkjc.com/en-us/local/information/horse?horseid=HK_2024_K390,https://racing.hkjc.com/en-us/local/information/racecard?racedate=2026/09/06&Racecourse=ST&RaceNo=1
2026-09-06,ST,Sha Tin,1,ST_20260906_R01,GLENEALY HANDICAP,12:30,Turf,A,1200,Good,875000,40-0,C5,10,RUNJEET,127,L Ferraris,13,D J Whyte,33,1127,71.0,5,Gelding,0,75900,Shalaa,Adviso,HK_2024_K276,ST_20260906_R01_10,https://racing.hkjc.com/en-us/local/information/horse?horseid=HK_2024_K276,https://racing.hkjc.com/en-us/local/information/racecard?racedate=2026/09/06&Racecourse=ST&RaceNo=1
2026-09-06,ST,Sha Tin,1,ST_20260906_R01,GLENEALY HANDICAP,12:30,Turf,A,1200,Good,875000,40-0,C5,11,YEE CHEONG RAIDER,125,A Badel,3,B Crawford,31,1131,77.0,6,Gelding,0,1398175,Deep Field,L'Elu,HK_2023_J176,ST_20260906_R01_11,https://racing.hkjc.com/en-us/local/information/horse?horseid=HK_2023_J176,https://racing.hkjc.com/en-us/local/information/racecard?racedate=2026/09/06&Racecourse=ST&RaceNo=1
2026-09-06,ST,Sha Tin,1,ST_20260906_R01,GLENEALY HANDICAP,12:30,Turf,A,1200,Good,875000,40-0,C5,12,GIMME FIVE,123,K C Leung,4,Y S Tsui,29,1078,64.0,6,Gelding,0,1851300,Swiss Ace,Inara Belle,HK_2023_J099,ST_20260906_R01_12,https://racing.hkjc.com/en-us/local/information/horse?horseid=HK_2023_J099,https://racing.hkjc.com/en-us/local/information/racecard?racedate=2026/09/06&Racecourse=ST&RaceNo=1
2026-09-06,ST,Sha Tin,1,ST_20260906_R01,GLENEALY HANDICAP,12:30,Turf,A,1200,Good,875000,40-0,C5,13,GOOD FORTUNE,122,H Y Yuen (-10),5,P C Ng,28,1083,71.0,7,Gelding,0,175500,Darci Brahma,Lion Blanc,HK_2022_H349,ST_20260906_R01_13,https://racing.hkjc.com/en-us/local/information/horse?horseid=HK_2022_H349,https://racing.hkjc.com/en-us/local/information/racecard?racedate=2026/09/06&Racecourse=ST&RaceNo=1
2026-09-06,ST,Sha Tin,1,ST_20260906_R01,GLENEALY HANDICAP,12:30,Turf,A,1200,Good,875000,40-0,C5,14,SPARKLE AND GOLD,120,M L Yeung,11,C H Yip,26,1148,64.0,4,Gelding,0,213025,Oasis Dream,Eastern Destiny,HK_2024_K259,ST_20260906_R01_14,https://racing.hkjc.com/en-us/local/information/horse?horseid=HK_2024_K259,https://racing.hkjc.com/en-us/local/information/racecard?racedate=2026/09/06&Racecourse=ST&RaceNo=1
2026-09-06,ST,Sha Tin,2,ST_20260906_R02,DUDDELL HANDICAP,13:00,Turf,A,1000,Good,1170000,60-40,C4,1,LIGHTNESS OF MUSIC,135,Z Purton,2,C S Shum,58,1122,91.0,5,Gelding,0,878400,Press Statement,Convene,HK_2024_K436,ST_20260906_R02_01,https://racing.hkjc.com/en-us/local/information/horse?horseid=HK_2024_K436,https://racing.hkjc.com/en-us/local/information/racecard?racedate=2026/09/06&Racecourse=ST&RaceNo=2
2026-09-06,ST,Sha Tin,2,ST_20260906_R02,DUDDELL HANDICAP,13:00,Turf,A,1000,Good,1170000,60-40,C4,2,RAPID PHANTOM,135,H Y Yuen (-10),5,P F Yiu,58,1086,77.0,4,Gelding,0,859950,Hello Youmzain,Subatomic,HK_2025_L204,ST_20260906_R02_02,https://racing.hkjc.com/en-us/local/information/horse?horseid=HK_2025_L204,https://racing.hkjc.com/en-us/local/information/racecard?racedate=2026/09/06&Racecourse=ST&RaceNo=2
2026-09-06,ST,Sha Tin,2,ST_20260906_R02,DUDDELL HANDICAP,13:00,Turf,A,1000,Good,1170000,60-40,C4,3,ONESHOT,134,K Teetan,8,W K Mo,57,1162,64.0,4,Gelding,0,696150,Wrote,Wild Rock,HK_2025_L105,ST_20260906_R02_03,https://racing.hkjc.com/en-us/local/information/horse?horseid=HK_2025_L105,https://racing.hkjc.com/en-us/local/information/racecard?racedate=2026/09/06&Racecourse=ST&RaceNo=2
2026-09-06,ST,Sha Tin,2,ST_20260906_R02,DUDDELL HANDICAP,13:00,Turf,A,1000,Good,1170000,60-40,C4,4,RUN RUN SUNRISE,134,K C Leung,10,F C Lor,57,1155,64.0,4,Gelding,0,1281150,Capitalist,Sister Sledge,HK_2024_K552,ST_20260906_R02_04,https://racing.hkjc.com/en-us/local/information/horse?horseid=HK_2024_K552,https://racing.hkjc.com/en-us/local/information/racecard?racedate=2026/09/06&Racecourse=ST&RaceNo=2
2026-09-06,ST,Sha Tin,2,ST_20260906_R02,DUDDELL HANDICAP,13:00,Turf,A,1000,Good,1170000,60-40,C4,5,HEY BROS,130,M L Yeung,3,B Crawford,53,974,60.0,5,Gelding,0,65100,Brave Smash,Niji,HK_2025_L150,ST_20260906_R02_05,https://racing.hkjc.com/en-us/local/information/horse?horseid=HK_2025_L150,https://racing.hkjc.com/en-us/local/information/racecard?racedate=2026/09/06&Racecourse=ST&RaceNo=2
2026-09-06,ST,Sha Tin,2,ST_20260906_R02,DUDDELL HANDICAP,13:00,Turf,A,1000,Good,1170000,60-40,C4,6,MABUBU,130,J Orman,9,W Y So,53,1137,64.0,5,Gelding,0,725400,Zousain,Furiosa,HK_2024_K586,ST_20260906_R02_06,https://racing.hkjc.com/en-us/local/information/horse?horseid=HK_2024_K586,https://racing.hkjc.com/en-us/local/information/racecard?racedate=2026/09/06&Racecourse=ST&RaceNo=2
2026-09-06,ST,Sha Tin,2,ST_20260906_R02,DUDDELL HANDICAP,13:00,Turf,A,1000,Good,1170000,60-40,C4,7,SILVER SPURS,129,E C W Wong (-3),6,C Fownes,52,1092,56.0,6,Gelding,0,3013690,Charm Spirit,The Pearler,HK_2023_J043,ST_20260906_R02_07,https://racing.hkjc.com/en-us/local/information/horse?horseid=HK_2023_J043,https://racing.hkjc.com/en-us/local/information/racecard?racedate=2026/09/06&Racecourse=ST&RaceNo=2
2026-09-06,ST,Sha Tin,2,ST_20260906_R02,DUDDELL HANDICAP,13:00,Turf,A,1000,Good,1170000,60-40,C4,8,RUBY THRIVE,127,P N Wong (-7),1,K L Man,50,1111,77.0,4,Gelding,0,134550,Anders,Whisper Delovely,HK_2025_L098,ST_20260906_R02_08,https://racing.hkjc.com/en-us/local/information/horse?horseid=HK_2025_L098,https://racing.hkjc.com/en-us/local/information/racecard?racedate=2026/09/06&Racecourse=ST&RaceNo=2
2026-09-06,ST,Sha Tin,2,ST_20260906_R02,DUDDELL HANDICAP,13:00,Turf,A,1000,Good,1170000,60-40,C4,9,THUNDER PRINCE,125,B Avdulla,11,J Richards,48,1078,60.0,6,Gelding,0,2095050,I Am Invincible,Royal Missile,HK_2024_K017,ST_20260906_R02_09,https://racing.hkjc.com/en-us/local/information/horse?horseid=HK_2024_K017,https://racing.hkjc.com/en-us/local/information/racecard?racedate=2026/09/06&Racecourse=ST&RaceNo=2
2026-09-06,ST,Sha Tin,2,ST_20260906_R02,DUDDELL HANDICAP,13:00,Turf,A,1000,Good,1170000,60-40,C4,10,COMET RADIANCE,119,Y L Chung (-2),7,A S Cruz,42,1233,77.0,4,Gelding,0,339300,Tassort,Pentangili,HK_2025_L067,ST_20260906_R02_10,https://racing.hkjc.com/en-us/local/information/horse?horseid=HK_2025_L067,https://racing.hkjc.com/en-us/local/information/racecard?racedate=2026/09/06&Racecourse=ST&RaceNo=2
2026-09-06,ST,Sha Tin,2,ST_20260906_R02,DUDDELL HANDICAP,13:00,Turf,A,1000,Good,1170000,60-40,C4,11,LET'S HAVE FUN,119,H Bentley,4,D A Hayes,42,1313,64.0,5,Gelding,0,269100,I Am Invincible,Faint Perfume,HK_2025_L118,ST_20260906_R02_11,https://racing.hkjc.com/en-us/local/information/horse?horseid=HK_2025_L118,https://racing.hkjc.com/en-us/local/information/racecard?racedate=2026/09/06&Racecourse=ST&RaceNo=2
2026-09-06,ST,Sha Tin,3,ST_20260906_R03,THE HKSAR CHIEF EXECUTIVE'S CUP (HANDICAP),13:30,Turf,A,1200,Good,4200000,,G3,1,KA YING RISING,135,Z Purton,1,D A Hayes,142,1172,133.0,6,Gelding,0,158571900,Shamexpress,Missy Moo,HK_2023_J062,ST_20260906_R03_01,https://racing.hkjc.com/en-us/local/information/horse?horseid=HK_2023_J062,https://racing.hkjc.com/en-us/local/information/racecard?racedate=2026/09/06&Racecourse=ST&RaceNo=3
2026-09-06,ST,Sha Tin,3,ST_20260906_R03,THE HKSAR CHIEF EXECUTIVE'S CUP (HANDICAP),13:30,Turf,A,1200,Good,4200000,,G3,2,COPARTNER PRANCE,115,M L Yeung,5,K W Lui,109,1114,77.0,7,Gelding,0,17729550,Epaulette,Woodstock Hussey,HK_2022_H408,ST_20260906_R03_02,https://racing.hkjc.com/en-us/local/information/horse?horseid=HK_2022_H408,https://racing.hkjc.com/en-us/local/information/racecard?racedate=2026/09/06&Racecourse=ST&RaceNo=3
2026-09-06,ST,Sha Tin,3,ST_20260906_R03,THE HKSAR CHIEF EXECUTIVE'S CUP (HANDICAP),13:30,Turf,A,1200,Good,4200000,,G3,3,PATCH OF STARS,115,K Teetan,4,K L Man,107,1170,98.0,5,Gelding,0,11845400,All Too Hard,Tuscany Lady,HK_2023_J343,ST_20260906_R03_03,https://racing.hkjc.com/en-us/local/information/horse?horseid=HK_2023_J343,https://racing.hkjc.com/en-us/local/information/racecard?racedate=2026/09/06&Racecourse=ST&RaceNo=3
2026-09-06,ST,Sha Tin,3,ST_20260906_R03,THE HKSAR CHIEF EXECUTIVE'S CUP (HANDICAP),13:30,Turf,A,1200,Good,4200000,,G3,4,TOMODACHI KOKOROE,115,H Bentley,6,D A Hayes,103,1207,77.0,8,Gelding,0,18097520,Written Tycoon,Rainbeam,HK_2022_H303,ST_20260906_R03_04,https://racing.hkjc.com/en-us/local/information/horse?horseid=HK_2022_H303,https://racing.hkjc.com/en-us/local/information/racecard?racedate=2026/09/06&Racecourse=ST&RaceNo=3
2026-09-06,ST,Sha Tin,3,ST_20260906_R03,THE HKSAR CHIEF EXECUTIVE'S CUP (HANDICAP),13:30,Turf,A,1200,Good,4200000,,G3,5,LUCKY WITH YOU,115,M F Poon,2,F C Lor,102,1198,53.0,9,Gelding,0,26004000,Artie Schiller,Heredera,HK_2020_E356,ST_20260906_R03_05,https://racing.hkjc.com/en-us/local/information/horse?horseid=HK_2020_E356,https://racing.hkjc.com/en-us/local/information/racecard?racedate=2026/09/06&Racecourse=ST&RaceNo=3
2026-09-06,ST,Sha Tin,3,ST_20260906_R03,THE HKSAR CHIEF EXECUTIVE'S CUP (HANDICAP),13:30,Turf,A,1200,Good,4200000,,G3,6,MAGIC CONTROL,115,M Chadwick,3,W K Mo,86,1082,53.0,6,Gelding,0,13178000,Sioux Nation,Jackpot Queen,HK_2023_J333,ST_20260906_R03_06,https://racing.hkjc.com/en-us/local/information/horse?horseid=HK_2023_J333,https://racing.hkjc.com/en-us/local/information/racecard?racedate=2026/09/06&Racecourse=ST&RaceNo=3
2026-09-06,ST,Sha Tin,4,ST_20260906_R04,HARCOURT HANDICAP,14:05,Turf,A,1600,Good,875000,40-0,C5,1,AMAZING DUCK,135,Z Purton,12,K H Ting,40,1108,67.0,7,Gelding,0,4020400,Cluster,Grand City,HK_2022_H392,ST_20260906_R04_01,https://racing.hkjc.com/en-us/local/information/horse?horseid=HK_2022_H392,https://racing.hkjc.com/en-us/local/information/racecard?racedate=2026/09/06&Racecourse=ST&RaceNo=4
2026-09-06,ST,Sha Tin,4,ST_20260906_R04,HARCOURT HANDICAP,14:05,Turf,A,1600,Good,875000,40-0,C5,2,HAILTOTHEVICTORS,134,L Ferraris,2,D Eustace,39,1104,56.0,5,Gelding,0,1074063,Almanzor,Saas Fee,HK_2023_J508,ST_20260906_R04_02,https://racing.hkjc.com/en-us/local/information/horse?horseid=HK_2023_J508,https://racing.hkjc.com/en-us/local/information/racecard?racedate=2026/09/06&Racecourse=ST&RaceNo=4
2026-09-06,ST,Sha Tin,4,ST_20260906_R04,HARCOURT HANDICAP,14:05,Turf,A,1600,Good,875000,40-0,C5,3,SOARING BRONCO,133,J Orman,14,M Newnham,38,1115,105.0,6,Gelding,0,2775150,Tivaci,Sorellina,HK_2023_J162,ST_20260906_R04_03,https://racing.hkjc.com/en-us/local/information/horse?horseid=HK_2023_J162,https://racing.hkjc.com/en-us/local/information/racecard?racedate=2026/09/06&Racecourse=ST&RaceNo=4
2026-09-06,ST,Sha Tin,4,ST_20260906_R04,HARCOURT HANDICAP,14:05,Turf,A,1600,Good,875000,40-0,C5,4,I EXCELLE,131,Y L Chung (-2),9,P C Ng,36,1144,64.0,5,Gelding,0,99300,Turn Me Loose,Junoesque,HK_2024_K502,ST_20260906_R04_04,https://racing.hkjc.com/en-us/local/information/horse?horseid=HK_2024_K502,https://racing.hkjc.com/en-us/local/information/racecard?racedate=2026/09/06&Racecourse=ST&RaceNo=4
2026-09-06,ST,Sha Tin,4,ST_20260906_R04,HARCOURT HANDICAP,14:05,Turf,A,1600,Good,875000,40-0,C5,5,FIGHTING MACHINE,130,B Avdulla,1,A S Cruz,35,1085,56.0,7,Gelding,0,4216050,War Decree,Udiditagain,HK_2023_J015,ST_20260906_R04_05,https://racing.hkjc.com/en-us/local/information/horse?horseid=HK_2023_J015,https://racing.hkjc.com/en-us/local/information/racecard?racedate=2026/09/06&Racecourse=ST&RaceNo=4
2026-09-06,ST,Sha Tin,4,ST_20260906_R04,HARCOURT HANDICAP,14:05,Turf,A,1600,Good,875000,40-0,C5,6,SPLENDID FORCE,129,C Y Ho,8,C H Yip,34,1048,88.0,5,Gelding,0,183750,Wrote,Alberta,HK_2024_K120,ST_20260906_R04_06,https://racing.hkjc.com/en-us/local/information/horse?horseid=HK_2024_K120,https://racing.hkjc.com/en-us/local/information/racecard?racedate=2026/09/06&Racecourse=ST&RaceNo=4
2026-09-06,ST,Sha Tin,4,ST_20260906_R04,HARCOURT HANDICAP,14:05,Turf,A,1600,Good,875000,40-0,C5,7,ALL ARE MINE,128,A Badel,7,B Crawford,33,1034,74.0,7,Gelding,0,1740650,New Bay,Ardeola,HK_2022_H293,ST_20260906_R04_07,https://racing.hkjc.com/en-us/local/information/horse?horseid=HK_2022_H293,https://racing.hkjc.com/en-us/local/information/racecard?racedate=2026/09/06&Racecourse=ST&RaceNo=4
2026-09-06,ST,Sha Tin,4,ST_20260906_R04,HARCOURT HANDICAP,14:05,Turf,A,1600,Good,875000,40-0,C5,8,GOLDEN FORTUNE,128,H Bowman,11,K L Man,33,1227,56.0,5,Gelding,0,356563,Preferment,Valencia's Image,HK_2024_K500,ST_20260906_R04_08,https://racing.hkjc.com/en-us/local/information/horse?horseid=HK_2024_K500,https://racing.hkjc.com/en-us/local/information/racecard?racedate=2026/09/06&Racecourse=ST&RaceNo=4
2026-09-06,ST,Sha Tin,4,ST_20260906_R04,HARCOURT HANDICAP,14:05,Turf,A,1600,Good,875000,40-0,C5,9,SETANTA,128,K C Leung,5,Y S Tsui,33,1174,53.0,9,Gelding,0,6822100,Fastnet Rock,Legally Bay,HK_2021_G095,ST_20260906_R04_09,https://racing.hkjc.com/en-us/local/information/horse?horseid=HK_2021_G095,https://racing.hkjc.com/en-us/local/information/racecard?racedate=2026/09/06&Racecourse=ST&RaceNo=4
2026-09-06,ST,Sha Tin,4,ST_20260906_R04,HARCOURT HANDICAP,14:05,Turf,A,1600,Good,875000,40-0,C5,10,GENERAL SMART,124,A Atzeni,6,C S Shum,29,1117,67.0,5,Gelding,0,402500,Shamus Award,Deplorable,HK_2024_K138,ST_20260906_R04_10,https://racing.hkjc.com/en-us/local/information/horse?horseid=HK_2024_K138,https://racing.hkjc.com/en-us/local/information/racecard?racedate=2026/09/06&Racecourse=ST&RaceNo=4
2026-09-06,ST,Sha Tin,4,ST_20260906_R04,HARCOURT HANDICAP,14:05,Turf,A,1600,Good,875000,40-0,C5,11,MAZING GRACE,123,M L Yeung,13,C W Chang,28,1194,67.0,4,Gelding,0,213300,Starspangledbanner,Sunbird,HK_2024_K166,ST_20260906_R04_11,https://racing.hkjc.com/en-us/local/information/horse?horseid=HK_2024_K166,https://racing.hkjc.com/en-us/local/information/racecard?racedate=2026/09/06&Racecourse=ST&RaceNo=4
2026-09-06,ST,Sha Tin,4,ST_20260906_R04,HARCOURT HANDICAP,14:05,Turf,A,1600,Good,875000,40-0,C5,12,GO GO GO,121,K Teetan,3,W Y So,26,1123,123.0,7,Gelding,0,2700900,Charm Spirit,Guessed,HK_2022_H196,ST_20260906_R04_12,https://racing.hkjc.com/en-us/local/information/horse?horseid=HK_2022_H196,https://racing.hkjc.com/en-us/local/information/racecard?racedate=2026/09/06&Racecourse=ST&RaceNo=4
2026-09-06,ST,Sha Tin,4,ST_20260906_R04,HARCOURT HANDICAP,14:05,Turf,A,1600,Good,875000,40-0,C5,13,HAPPY BUDDIES,121,M Chadwick,10,W K Mo,26,1046,56.0,5,Gelding,0,81850,Ribchester,Snitz Of Time,HK_2024_K344,ST_20260906_R04_13,https://racing.hkjc.com/en-us/local/information/horse?horseid=HK_2024_K344,https://racing.hkjc.com/en-us/local/information/racecard?racedate=2026/09/06&Racecourse=ST&RaceNo=4
2026-09-06,ST,Sha Tin,4,ST_20260906_R04,HARCOURT HANDICAP,14:05,Turf,A,1600,Good,875000,40-0,C5,14,PERFECT PAIRING,120,M F Poon,4,J Size,25,1016,74.0,7,Gelding,0,2036800,Pierro,Aonair,HK_2023_J331,ST_20260906_R04_14,https://racing.hkjc.com/en-us/local/information/horse?horseid=HK_2023_J331,https://racing.hkjc.com/en-us/local/information/racecard?racedate=2026/09/06&Racecourse=ST&RaceNo=4
2026-09-06,ST,Sha Tin,5,ST_20260906_R05,EDINBURGH HANDICAP,14:55,Turf,A,1200,Good,1170000,60-40,C4,1,ISLAND BUDDY,135,K Teetan,1,B Crawford,59,1199,64.0,6,Gelding,0,2521350,Brave Smash,Treatmelikealady,HK_2023_J217,ST_20260906_R05_01,https://racing.hkjc.com/en-us/local/information/horse?horseid=HK_2023_J217,https://racing.hkjc.com/en-us/local/information/racecard?racedate=2026/09/06&Racecourse=ST&RaceNo=5
2026-09-06,ST,Sha Tin,5,ST_20260906_R05,EDINBURGH HANDICAP,14:55,Turf,A,1200,Good,1170000,60-40,C4,2,KANSAS,132,H Bentley,5,D A Hayes,56,1000,67.0,3,Gelding,0,0,Wootton Bassett,Fire Fly,HK_2025_L305,ST_20260906_R05_02,https://racing.hkjc.com/en-us/local/information/horse?horseid=HK_2025_L305,https://racing.hkjc.com/en-us/local/information/racecard?racedate=2026/09/06&Racecourse=ST&RaceNo=5
2026-09-06,ST,Sha Tin,5,ST_20260906_R05,EDINBURGH HANDICAP,14:55,Turf,A,1200,Good,1170000,60-40,C4,3,CAVA PIONEER,128,M F Poon,10,C H Yip,52,1075,,4,Gelding,0,0,Cosmic Force,Thirty Rock,HK_2025_L359,ST_20260906_R05_03,https://racing.hkjc.com/en-us/local/information/horse?horseid=HK_2025_L359,https://racing.hkjc.com/en-us/local/information/racecard?racedate=2026/09/06&Racecourse=ST&RaceNo=5
2026-09-06,ST,Sha Tin,5,ST_20260906_R05,EDINBURGH HANDICAP,14:55,Turf,A,1200,Good,1170000,60-40,C4,4,STUNNING BUNDLE,128,H Bowman,4,J Size,52,1084,67.0,4,Gelding,0,134550,Shocking,Savanite,HK_2025_L420,ST_20260906_R05_04,https://racing.hkjc.com/en-us/local/information/horse?horseid=HK_2025_L420,https://racing.hkjc.com/en-us/local/information/racecard?racedate=2026/09/06&Racecourse=ST&RaceNo=5
2026-09-06,ST,Sha Tin,5,ST_20260906_R05,EDINBURGH HANDICAP,14:55,Turf,A,1200,Good,1170000,60-40,C4,5,VIRTUS GLORY,128,H Y Yuen (-10),13,P F Yiu,52,1050,91.0,4,Gelding,0,315900,Written By,Idol,HK_2025_L298,ST_20260906_R05_05,https://racing.hkjc.com/en-us/local/information/horse?horseid=HK_2025_L298,https://racing.hkjc.com/en-us/local/information/racecard?racedate=2026/09/06&Racecourse=ST&RaceNo=5
2026-09-06,ST,Sha Tin,5,ST_20260906_R05,EDINBURGH HANDICAP,14:55,Turf,A,1200,Good,1170000,60-40,C4,6,SYNERGY IN ACTION,127,K C Leung,6,P C Ng,51,1086,67.0,4,Gelding,0,0,Toronado,Kabini,HK_2025_L330,ST_20260906_R05_06,https://racing.hkjc.com/en-us/local/information/horse?horseid=HK_2025_L330,https://racing.hkjc.com/en-us/local/information/racecard?racedate=2026/09/06&Racecourse=ST&RaceNo=5
2026-09-06,ST,Sha Tin,5,ST_20260906_R05,EDINBURGH HANDICAP,14:55,Turf,A,1200,Good,1170000,60-40,C4,7,LIGHT YEARS GLORY,126,L Ferraris,7,D Eustace,50,1132,53.0,4,Gelding,0,1447300,Advertise,Capla Cubiste,HK_2024_K204,ST_20260906_R05_07,https://racing.hkjc.com/en-us/local/information/horse?horseid=HK_2024_K204,https://racing.hkjc.com/en-us/local/information/racecard?racedate=2026/09/06&Racecourse=ST&RaceNo=5
2026-09-06,ST,Sha Tin,5,ST_20260906_R05,EDINBURGH HANDICAP,14:55,Turf,A,1200,Good,1170000,60-40,C4,8,NEXT FORTUNE,124,C Y Ho,2,K W Lui,48,1144,64.0,4,Gelding,0,286650,Churchill,Latest Plan,HK_2025_L199,ST_20260906_R05_08,https://racing.hkjc.com/en-us/local/information/horse?horseid=HK_2025_L199,https://racing.hkjc.com/en-us/local/information/racecard?racedate=2026/09/06&Racecourse=ST&RaceNo=5
2026-09-06,ST,Sha Tin,5,ST_20260906_R05,EDINBURGH HANDICAP,14:55,Turf,A,1200,Good,1170000,60-40,C4,9,LEGEND STAR,122,Y L Chung (-2),14,C S Shum,46,1136,109.0,5,Gelding,0,1269425,Deep Field,Ma Can Do It,HK_2024_K271,ST_20260906_R05_09,https://racing.hkjc.com/en-us/local/information/horse?horseid=HK_2024_K271,https://racing.hkjc.com/en-us/local/information/racecard?racedate=2026/09/06&Racecourse=ST&RaceNo=5
2026-09-06,ST,Sha Tin,5,ST_20260906_R05,EDINBURGH HANDICAP,14:55,Turf,A,1200,Good,1170000,60-40,C4,10,RIDING HIGH,121,L Hewitson,12,D J Whyte,45,1089,64.0,6,Gelding,0,2247225,Exceed And Excel,Tempt Me Not,HK_2023_J403,ST_20260906_R05_10,https://racing.hkjc.com/en-us/local/information/horse?horseid=HK_2023_J403,https://racing.hkjc.com/en-us/local/information/racecard?racedate=2026/09/06&Racecourse=ST&RaceNo=5
2026-09-06,ST,Sha Tin,5,ST_20260906_R05,EDINBURGH HANDICAP,14:55,Turf,A,1200,Good,1170000,60-40,C4,11,PODIUM,120,A Atzeni,9,D Eustace,44,1055,60.0,8,Gelding,0,3136450,Medaglia d'Oro,Apamurra,HK_2022_H173,ST_20260906_R05_11,https://racing.hkjc.com/en-us/local/information/horse?horseid=HK_2022_H173,https://racing.hkjc.com/en-us/local/information/racecard?racedate=2026/09/06&Racecourse=ST&RaceNo=5
2026-09-06,ST,Sha Tin,5,ST_20260906_R05,EDINBURGH HANDICAP,14:55,Turf,A,1200,Good,1170000,60-40,C4,12,MONTA FRUTTA,118,Z Purton,8,A S Cruz,42,1142,56.0,7,Gelding,0,2053650,Capitalist,Ma Can Do It,HK_2022_H455,ST_20260906_R05_12,https://racing.hkjc.com/en-us/local/information/horse?horseid=HK_2022_H455,https://racing.hkjc.com/en-us/local/information/racecard?racedate=2026/09/06&Racecourse=ST&RaceNo=5
2026-09-06,ST,Sha Tin,5,ST_20260906_R05,EDINBURGH HANDICAP,14:55,Turf,A,1200,Good,1170000,60-40,C4,13,SUPER LOVE,123,A Badel,11,C H Yip,47,1134,56.0,6,Gelding,0,1918800,U S Navy Flag,Rebel Rocker,HK_2024_K118,ST_20260906_R05_13,https://racing.hkjc.com/en-us/local/information/horse?horseid=HK_2024_K118,https://racing.hkjc.com/en-us/local/information/racecard?racedate=2026/09/06&Racecourse=ST&RaceNo=5
2026-09-06,ST,Sha Tin,5,ST_20260906_R05,EDINBURGH HANDICAP,14:55,Turf,A,1200,Good,1170000,60-40,C4,14,JOLLY COMPANION,116,P N Wong (-7),3,K L Man,40,1201,53.0,7,Gelding,0,3087150,All Too Hard,Nubian,HK_2022_H454,ST_20260906_R05_14,https://racing.hkjc.com/en-us/local/information/horse?horseid=HK_2022_H454,https://racing.hkjc.com/en-us/local/information/racecard?racedate=2026/09/06&Racecourse=ST&RaceNo=5
2026-09-06,ST,Sha Tin,6,ST_20260906_R06,EDINBURGH HANDICAP,15:45,Turf,A,1200,Good,1170000,60-40,C4,1,SPICY STANDARD,135,A Atzeni,13,J Size,60,1091,64.0,5,Gelding,0,1495800,Pierata,Queen Caesar,HK_2023_J520,ST_20260906_R06_01,https://racing.hkjc.com/en-us/local/information/horse?horseid=HK_2023_J520,https://racing.hkjc.com/en-us/local/information/racecard?racedate=2026/09/06&Racecourse=ST&RaceNo=6
2026-09-06,ST,Sha Tin,6,ST_20260906_R06,EDINBURGH HANDICAP,15:45,Turf,A,1200,Good,1170000,60-40,C4,2,HAROLD WIN,131,H Bowman,4,K W Lui,56,1109,56.0,6,Gelding,0,4915650,Swiss Ace,Musically,HK_2023_J280,ST_20260906_R06_02,https://racing.hkjc.com/en-us/local/information/horse?horseid=HK_2023_J280,https://racing.hkjc.com/en-us/local/information/racecard?racedate=2026/09/06&Racecourse=ST&RaceNo=6
2026-09-06,ST,Sha Tin,6,ST_20260906_R06,EDINBURGH HANDICAP,15:45,Turf,A,1200,Good,1170000,60-40,C4,3,MATZDEN,131,Z Purton,2,J Richards,56,1181,60.0,5,Gelding,0,566550,Darci Brahma,Dentelle,HK_2025_L133,ST_20260906_R06_03,https://racing.hkjc.com/en-us/local/information/horse?horseid=HK_2025_L133,https://racing.hkjc.com/en-us/local/information/racecard?racedate=2026/09/06&Racecourse=ST&RaceNo=6
2026-09-06,ST,Sha Tin,6,ST_20260906_R06,EDINBURGH HANDICAP,15:45,Turf,A,1200,Good,1170000,60-40,C4,4,KA YING RESILIENCE,129,K Teetan,7,D A Hayes,54,1267,56.0,5,Gelding,0,2274750,Blue Point,Just Discreet,HK_2023_J439,ST_20260906_R06_04,https://racing.hkjc.com/en-us/local/information/horse?horseid=HK_2023_J439,https://racing.hkjc.com/en-us/local/information/racecard?racedate=2026/09/06&Racecourse=ST&RaceNo=6
2026-09-06,ST,Sha Tin,6,ST_20260906_R06,EDINBURGH HANDICAP,15:45,Turf,A,1200,Good,1170000,60-40,C4,5,RISING FROM ASHES,129,J Orman,1,C W Chang,54,1020,64.0,9,Gelding,0,8568725,Shamus Award,Tear Gas,HK_2021_G209,ST_20260906_R06_05,https://racing.hkjc.com/en-us/local/information/horse?horseid=HK_2021_G209,https://racing.hkjc.com/en-us/local/information/racecard?racedate=2026/09/06&Racecourse=ST&RaceNo=6
2026-09-06,ST,Sha Tin,6,ST_20260906_R06,EDINBURGH HANDICAP,15:45,Turf,A,1200,Good,1170000,60-40,C4,6,BLAZING METEOR,127,M F Poon,11,C H Yip,52,1138,,4,Gelding,0,0,Tarzino,Ristretto,HK_2025_L426,ST_20260906_R06_06,https://racing.hkjc.com/en-us/local/information/horse?horseid=HK_2025_L426,https://racing.hkjc.com/en-us/local/information/racecard?racedate=2026/09/06&Racecourse=ST&RaceNo=6
2026-09-06,ST,Sha Tin,6,ST_20260906_R06,EDINBURGH HANDICAP,15:45,Turf,A,1200,Good,1170000,60-40,C4,7,GROUPER,127,E C W Wong (-3),10,C S Shum,52,1021,64.0,4,Gelding,0,625950,Written By,Miss Labelle,HK_2025_L233,ST_20260906_R06_07,https://racing.hkjc.com/en-us/local/information/horse?horseid=HK_2025_L233,https://racing.hkjc.com/en-us/local/information/racecard?racedate=2026/09/06&Racecourse=ST&RaceNo=6
2026-09-06,ST,Sha Tin,6,ST_20260906_R06,EDINBURGH HANDICAP,15:45,Turf,A,1200,Good,1170000,60-40,C4,8,GOOD LUCK BABE,122,Y L Chung (-2),8,A S Cruz,47,1134,67.0,6,Gelding,0,2346800,Delago Deluxe,Isadiva,HK_2024_K016,ST_20260906_R06_08,https://racing.hkjc.com/en-us/local/information/horse?horseid=HK_2024_K016,https://racing.hkjc.com/en-us/local/information/racecard?racedate=2026/09/06&Racecourse=ST&RaceNo=6
2026-09-06,ST,Sha Tin,6,ST_20260906_R06,EDINBURGH HANDICAP,15:45,Turf,A,1200,Good,1170000,60-40,C4,9,PRECISION MIND,121,M L Yeung,6,Y S Tsui,46,1225,112.0,4,Gelding,0,23400,Super Easy,Scrutiny,HK_2025_L296,ST_20260906_R06_09,https://racing.hkjc.com/en-us/local/information/horse?horseid=HK_2025_L296,https://racing.hkjc.com/en-us/local/information/racecard?racedate=2026/09/06&Racecourse=ST&RaceNo=6
2026-09-06,ST,Sha Tin,6,ST_20260906_R06,EDINBURGH HANDICAP,15:45,Turf,A,1200,Good,1170000,60-40,C4,10,DIAMOND SPARKLE,119,L Hewitson,12,M Newnham,44,1060,64.0,4,Gelding,0,40950,So You Think,See Me Rock,HK_2025_L182,ST_20260906_R06_10,https://racing.hkjc.com/en-us/local/information/horse?horseid=HK_2025_L182,https://racing.hkjc.com/en-us/local/information/racecard?racedate=2026/09/06&Racecourse=ST&RaceNo=6
2026-09-06,ST,Sha Tin,6,ST_20260906_R06,EDINBURGH HANDICAP,15:45,Turf,A,1200,Good,1170000,60-40,C4,11,LUCKY GIBS,119,P N Wong (-7),5,K L Man,44,1197,91.0,4,Gelding,0,0,Encryption,Pardon,HK_2025_L157,ST_20260906_R06_11,https://racing.hkjc.com/en-us/local/information/horse?horseid=HK_2025_L157,https://racing.hkjc.com/en-us/local/information/racecard?racedate=2026/09/06&Racecourse=ST&RaceNo=6
2026-09-06,ST,Sha Tin,6,ST_20260906_R06,EDINBURGH HANDICAP,15:45,Turf,A,1200,Good,1170000,60-40,C4,12,VICTORY CHAMPION,118,K C Leung,9,F C Lor,43,1125,56.0,5,Gelding,0,532350,Pierata,Tris,HK_2024_K240,ST_20260906_R06_12,https://racing.hkjc.com/en-us/local/information/horse?horseid=HK_2024_K240,https://racing.hkjc.com/en-us/local/information/racecard?racedate=2026/09/06&Racecourse=ST&RaceNo=6
2026-09-06,ST,Sha Tin,6,ST_20260906_R06,EDINBURGH HANDICAP,15:45,Turf,A,1200,Good,1170000,60-40,C4,13,MAJESTIC DELIGHT,117,A Badel,14,D Eustace,42,1149,60.0,5,Gelding,0,1906775,Unite And Conquer,Sukhar,HK_2024_K189,ST_20260906_R06_13,https://racing.hkjc.com/en-us/local/information/horse?horseid=HK_2024_K189,https://racing.hkjc.com/en-us/local/information/racecard?racedate=2026/09/06&Racecourse=ST&RaceNo=6
2026-09-06,ST,Sha Tin,6,ST_20260906_R06,EDINBURGH HANDICAP,15:45,Turf,A,1200,Good,1170000,60-40,C4,14,GLACIATED,116,H Bentley,3,P C Ng,41,1120,71.0,5,Gelding,0,1345500,Frosted,Infra Dig,HK_2024_K272,ST_20260906_R06_14,https://racing.hkjc.com/en-us/local/information/horse?horseid=HK_2024_K272,https://racing.hkjc.com/en-us/local/information/racecard?racedate=2026/09/06&Racecourse=ST&RaceNo=6
2026-09-06,ST,Sha Tin,7,ST_20260906_R07,ALBERT HANDICAP,16:15,Turf,A,1400,Good,2840000,105-80,C2,1,SOLEIL FIGHTER,135,H Y Yuen (-10),9,D A Hayes,102,1135,56.0,6,Gelding,0,17237950,Sea The Moon,Force One,HK_2023_J127,ST_20260906_R07_01,https://racing.hkjc.com/en-us/local/information/horse?horseid=HK_2023_J127,https://racing.hkjc.com/en-us/local/information/racecard?racedate=2026/09/06&Racecourse=ST&RaceNo=7
2026-09-06,ST,Sha Tin,7,ST_20260906_R07,ALBERT HANDICAP,16:15,Turf,A,1400,Good,2840000,105-80,C2,2,INVINCIBLE SHIELD,133,C Y Ho,1,K W Lui,100,1159,67.0,6,Gelding,0,10628000,I Am Invincible,Pierro Moss,HK_2024_K168,ST_20260906_R07_02,https://racing.hkjc.com/en-us/local/information/horse?horseid=HK_2024_K168,https://racing.hkjc.com/en-us/local/information/racecard?racedate=2026/09/06&Racecourse=ST&RaceNo=7
2026-09-06,ST,Sha Tin,7,ST_20260906_R07,ALBERT HANDICAP,16:15,Turf,A,1400,Good,2840000,105-80,C2,3,WINNING OVATION,133,Z Purton,4,A S Cruz,100,1208,77.0,4,Gelding,0,9154400,Cotai Glory,Star Of Kings,HK_2024_K350,ST_20260906_R07_03,https://racing.hkjc.com/en-us/local/information/horse?horseid=HK_2024_K350,https://racing.hkjc.com/en-us/local/information/racecard?racedate=2026/09/06&Racecourse=ST&RaceNo=7
2026-09-06,ST,Sha Tin,7,ST_20260906_R07,ALBERT HANDICAP,16:15,Turf,A,1400,Good,2840000,105-80,C2,4,SIX PACK,128,K Teetan,6,D J Whyte,95,1309,77.0,6,Gelding,0,6791700,Rubick,Keep de Rose,HK_2024_K061,ST_20260906_R07_04,https://racing.hkjc.com/en-us/local/information/horse?horseid=HK_2024_K061,https://racing.hkjc.com/en-us/local/information/racecard?racedate=2026/09/06&Racecourse=ST&RaceNo=7
2026-09-06,ST,Sha Tin,7,ST_20260906_R07,ALBERT HANDICAP,16:15,Turf,A,1400,Good,2840000,105-80,C2,5,MAX QUE,123,A Badel,3,M Newnham,90,1137,56.0,6,Gelding,0,8194400,Akeed Mofeed,New Sensation,HK_2023_J514,ST_20260906_R07_05,https://racing.hkjc.com/en-us/local/information/horse?horseid=HK_2023_J514,https://racing.hkjc.com/en-us/local/information/racecard?racedate=2026/09/06&Racecourse=ST&RaceNo=7
2026-09-06,ST,Sha Tin,7,ST_20260906_R07,ALBERT HANDICAP,16:15,Turf,A,1400,Good,2840000,105-80,C2,6,SING DRAGON,119,M Chadwick,8,W Y So,86,1194,53.0,7,Gelding,0,10538600,Written Tycoon,Secret Doubt,HK_2023_J141,ST_20260906_R07_06,https://racing.hkjc.com/en-us/local/information/horse?horseid=HK_2023_J141,https://racing.hkjc.com/en-us/local/information/racecard?racedate=2026/09/06&Racecourse=ST&RaceNo=7
2026-09-06,ST,Sha Tin,7,ST_20260906_R07,ALBERT HANDICAP,16:15,Turf,A,1400,Good,2840000,105-80,C2,7,VICTORY SKY,117,M F Poon,7,P F Yiu,84,1159,71.0,6,Gelding,0,6392900,U S Navy Flag,No Tricks,HK_2023_J540,ST_20260906_R07_07,https://racing.hkjc.com/en-us/local/information/horse?horseid=HK_2023_J540,https://racing.hkjc.com/en-us/local/information/racecard?racedate=2026/09/06&Racecourse=ST&RaceNo=7
2026-09-06,ST,Sha Tin,7,ST_20260906_R07,ALBERT HANDICAP,16:15,Turf,A,1400,Good,2840000,105-80,C2,8,DROMBEG BANNER,116,Y L Chung (-2),2,P C Ng,83,1106,133.0,7,Gelding,0,13218250,Starspangledbanner,Drombeg Dawn,HK_2022_H117,ST_20260906_R07_08,https://racing.hkjc.com/en-us/local/information/horse?horseid=HK_2022_H117,https://racing.hkjc.com/en-us/local/information/racecard?racedate=2026/09/06&Racecourse=ST&RaceNo=7
2026-09-06,ST,Sha Tin,7,ST_20260906_R07,ALBERT HANDICAP,16:15,Turf,A,1400,Good,2840000,105-80,C2,9,INFINITE RESOLVE,116,A Atzeni,5,M Newnham,83,1069,85.0,5,Gelding,0,7270400,Snitzel,Dee Nine Elle,HK_2024_K369,ST_20260906_R07_09,https://racing.hkjc.com/en-us/local/information/horse?horseid=HK_2024_K369,https://racing.hkjc.com/en-us/local/information/racecard?racedate=2026/09/06&Racecourse=ST&RaceNo=7
2026-09-06,ST,Sha Tin,8,ST_20260906_R08,FENWICK HANDICAP,16:45,Turf,A,1400,Good,1170000,60-40,C4,1,JOYFUL JOY,135,H Bowman,5,M Newnham,60,1116,71.0,4,Gelding,0,789750,Gold Standard,Forliah,HK_2025_L322,ST_20260906_R08_01,https://racing.hkjc.com/en-us/local/information/horse?horseid=HK_2025_L322,https://racing.hkjc.com/en-us/local/information/racecard?racedate=2026/09/06&Racecourse=ST&RaceNo=8
2026-09-06,ST,Sha Tin,8,ST_20260906_R08,FENWICK HANDICAP,16:45,Turf,A,1400,Good,1170000,60-40,C4,2,MASTER LUCKY,135,A Atzeni,13,J Size,60,1104,71.0,5,Gelding,0,2047500,Shamus Award,Under The Sea,HK_2024_K582,ST_20260906_R08_02,https://racing.hkjc.com/en-us/local/information/horse?horseid=HK_2024_K582,https://racing.hkjc.com/en-us/local/information/racecard?racedate=2026/09/06&Racecourse=ST&RaceNo=8
2026-09-06,ST,Sha Tin,8,ST_20260906_R08,FENWICK HANDICAP,16:45,Turf,A,1400,Good,1170000,60-40,C4,3,ANOTHER WORLD,134,K Teetan,6,C H Yip,59,1079,67.0,6,Gelding,0,4981250,Kermadec,Our Squeezer,HK_2024_K005,ST_20260906_R08_03,https://racing.hkjc.com/en-us/local/information/horse?horseid=HK_2024_K005,https://racing.hkjc.com/en-us/local/information/racecard?racedate=2026/09/06&Racecourse=ST&RaceNo=8
2026-09-06,ST,Sha Tin,8,ST_20260906_R08,FENWICK HANDICAP,16:45,Turf,A,1400,Good,1170000,60-40,C4,4,POSITIVE SMILE,132,Z Purton,2,D A Hayes,57,1024,67.0,6,Gelding,0,2165700,Per Incanto,Eva Godiva,HK_2023_J467,ST_20260906_R08_04,https://racing.hkjc.com/en-us/local/information/horse?horseid=HK_2023_J467,https://racing.hkjc.com/en-us/local/information/racecard?racedate=2026/09/06&Racecourse=ST&RaceNo=8
2026-09-06,ST,Sha Tin,8,ST_20260906_R08,FENWICK HANDICAP,16:45,Turf,A,1400,Good,1170000,60-40,C4,5,GALLANT EPOCH,131,L Ferraris,12,K W Lui,56,1176,67.0,6,Gelding,0,2767050,Iffraaj,Bella Grace,HK_2023_J451,ST_20260906_R08_05,https://racing.hkjc.com/en-us/local/information/horse?horseid=HK_2023_J451,https://racing.hkjc.com/en-us/local/information/racecard?racedate=2026/09/06&Racecourse=ST&RaceNo=8
2026-09-06,ST,Sha Tin,8,ST_20260906_R08,FENWICK HANDICAP,16:45,Turf,A,1400,Good,1170000,60-40,C4,6,GRAND PATCH,130,C Y Ho,10,K L Man,55,1249,56.0,4,Gelding,0,789750,Hellbent,Champalou,HK_2025_L293,ST_20260906_R08_06,https://racing.hkjc.com/en-us/local/information/horse?horseid=HK_2025_L293,https://racing.hkjc.com/en-us/local/information/racecard?racedate=2026/09/06&Racecourse=ST&RaceNo=8
2026-09-06,ST,Sha Tin,8,ST_20260906_R08,FENWICK HANDICAP,16:45,Turf,A,1400,Good,1170000,60-40,C4,7,NOBLE PATCH,126,K C Leung,8,P C Ng,51,1079,64.0,4,Gelding,0,40950,Zoustar,Brooke's Edge,HK_2025_L282,ST_20260906_R08_07,https://racing.hkjc.com/en-us/local/information/horse?horseid=HK_2025_L282,https://racing.hkjc.com/en-us/local/information/racecard?racedate=2026/09/06&Racecourse=ST&RaceNo=8
2026-09-06,ST,Sha Tin,8,ST_20260906_R08,FENWICK HANDICAP,16:45,Turf,A,1400,Good,1170000,60-40,C4,8,SOLID CAR,124,J Orman,11,D J Hall,49,1077,56.0,5,Gelding,0,1182000,Grunt,Kovello,HK_2024_K058,ST_20260906_R08_08,https://racing.hkjc.com/en-us/local/information/horse?horseid=HK_2024_K058,https://racing.hkjc.com/en-us/local/information/racecard?racedate=2026/09/06&Racecourse=ST&RaceNo=8
2026-09-06,ST,Sha Tin,8,ST_20260906_R08,FENWICK HANDICAP,16:45,Turf,A,1400,Good,1170000,60-40,C4,9,GOLDEN WIN,121,P N Wong (-7),7,K L Man,46,1176,56.0,4,Gelding,0,245700,King's Legacy,I Like Toucans,HK_2025_L026,ST_20260906_R08_09,https://racing.hkjc.com/en-us/local/information/horse?horseid=HK_2025_L026,https://racing.hkjc.com/en-us/local/information/racecard?racedate=2026/09/06&Racecourse=ST&RaceNo=8
2026-09-06,ST,Sha Tin,8,ST_20260906_R08,FENWICK HANDICAP,16:45,Turf,A,1400,Good,1170000,60-40,C4,10,GOLDENTRONICMIGHTY,121,M L Yeung,1,J Richards,46,1279,56.0,6,Gelding,0,2896950,Harry Angel,Dubrovnik,HK_2024_K002,ST_20260906_R08_10,https://racing.hkjc.com/en-us/local/information/horse?horseid=HK_2024_K002,https://racing.hkjc.com/en-us/local/information/racecard?racedate=2026/09/06&Racecourse=ST&RaceNo=8
2026-09-06,ST,Sha Tin,8,ST_20260906_R08,FENWICK HANDICAP,16:45,Turf,A,1400,Good,1170000,60-40,C4,11,MASSIVE REWARD,120,L Hewitson,9,C S Shum,45,1100,56.0,4,Gelding,0,70200,Toronado,Reward For Glory,HK_2025_L331,ST_20260906_R08_11,https://racing.hkjc.com/en-us/local/information/horse?horseid=HK_2025_L331,https://racing.hkjc.com/en-us/local/information/racecard?racedate=2026/09/06&Racecourse=ST&RaceNo=8
2026-09-06,ST,Sha Tin,8,ST_20260906_R08,FENWICK HANDICAP,16:45,Turf,A,1400,Good,1170000,60-40,C4,12,STAR SATYR,117,Y L Chung (-2),14,A S Cruz,42,1105,53.0,5,Gelding,0,1190400,Safeguard,Fairy Nymph,HK_2024_K231,ST_20260906_R08_12,https://racing.hkjc.com/en-us/local/information/horse?horseid=HK_2024_K231,https://racing.hkjc.com/en-us/local/information/racecard?racedate=2026/09/06&Racecourse=ST&RaceNo=8
2026-09-06,ST,Sha Tin,8,ST_20260906_R08,FENWICK HANDICAP,16:45,Turf,A,1400,Good,1170000,60-40,C4,13,SUPER SICARIO,116,A Badel,4,C Fownes,41,1209,153.0,5,Gelding,0,1419925,Tivaci,Promenade,HK_2024_K306,ST_20260906_R08_13,https://racing.hkjc.com/en-us/local/information/horse?horseid=HK_2024_K306,https://racing.hkjc.com/en-us/local/information/racecard?racedate=2026/09/06&Racecourse=ST&RaceNo=8
2026-09-06,ST,Sha Tin,8,ST_20260906_R08,FENWICK HANDICAP,16:45,Turf,A,1400,Good,1170000,60-40,C4,14,CALIFORNIA BANNER,115,M Chadwick,3,W K Mo,40,1149,207.0,5,Gelding,0,847800,Starspangledbanner,Cristal Fashion,HK_2023_J132,ST_20260906_R08_14,https://racing.hkjc.com/en-us/local/information/horse?horseid=HK_2023_J132,https://racing.hkjc.com/en-us/local/information/racecard?racedate=2026/09/06&Racecourse=ST&RaceNo=8
2026-09-06,ST,Sha Tin,9,ST_20260906_R09,COTTON TREE HANDICAP,17:20,Turf,A,1400,Good,1860000,80-60,C3,1,LUCKY SAM GOR,135,H Bowman,6,M Newnham,79,1209,56.0,5,Gelding,0,6129900,Press Statement,Giovanna Bella,HK_2024_K114,ST_20260906_R09_01,https://racing.hkjc.com/en-us/local/information/horse?horseid=HK_2024_K114,https://racing.hkjc.com/en-us/local/information/racecard?racedate=2026/09/06&Racecourse=ST&RaceNo=9
2026-09-06,ST,Sha Tin,9,ST_20260906_R09,COTTON TREE HANDICAP,17:20,Turf,A,1400,Good,1860000,80-60,C3,2,THE RED HARE,133,M F Poon,7,F C Lor,77,1130,56.0,5,Gelding,0,5298100,Sebring Sun,In Unison,HK_2024_K312,ST_20260906_R09_02,https://racing.hkjc.com/en-us/local/information/horse?horseid=HK_2024_K312,https://racing.hkjc.com/en-us/local/information/racecard?racedate=2026/09/06&Racecourse=ST&RaceNo=9
2026-09-06,ST,Sha Tin,9,ST_20260906_R09,COTTON TREE HANDICAP,17:20,Turf,A,1400,Good,1860000,80-60,C3,3,POCKETING,132,B Avdulla,11,D A Hayes,76,1086,60.0,5,Gelding,0,187200,Grunt,Pickpocket,HK_2025_L396,ST_20260906_R09_03,https://racing.hkjc.com/en-us/local/information/horse?horseid=HK_2025_L396,https://racing.hkjc.com/en-us/local/information/racecard?racedate=2026/09/06&Racecourse=ST&RaceNo=9
2026-09-06,ST,Sha Tin,9,ST_20260906_R09,COTTON TREE HANDICAP,17:20,Turf,A,1400,Good,1860000,80-60,C3,4,AEROINVINCIBLE,131,A Atzeni,2,P C Ng,75,1132,71.0,6,Gelding,0,5383150,Per Incanto,Miss Bondi,HK_2023_J180,ST_20260906_R09_04,https://racing.hkjc.com/en-us/local/information/horse?horseid=HK_2023_J180,https://racing.hkjc.com/en-us/local/information/racecard?racedate=2026/09/06&Racecourse=ST&RaceNo=9
2026-09-06,ST,Sha Tin,9,ST_20260906_R09,COTTON TREE HANDICAP,17:20,Turf,A,1400,Good,1860000,80-60,C3,5,BABY SAKURA,131,C Y Ho,1,K W Lui,75,1155,85.0,4,Gelding,0,3119100,Tagaloa,True Priority,HK_2025_L230,ST_20260906_R09_05,https://racing.hkjc.com/en-us/local/information/horse?horseid=HK_2025_L230,https://racing.hkjc.com/en-us/local/information/racecard?racedate=2026/09/06&Racecourse=ST&RaceNo=9
2026-09-06,ST,Sha Tin,9,ST_20260906_R09,COTTON TREE HANDICAP,17:20,Turf,A,1400,Good,1860000,80-60,C3,6,CIRCUIT CHAMPION,129,Z Purton,10,C S Shum,73,1250,71.0,5,Gelding,0,2370300,Starspangledbanner,Wowcha,HK_2023_J428,ST_20260906_R09_06,https://racing.hkjc.com/en-us/local/information/horse?horseid=HK_2023_J428,https://racing.hkjc.com/en-us/local/information/racecard?racedate=2026/09/06&Racecourse=ST&RaceNo=9
2026-09-06,ST,Sha Tin,9,ST_20260906_R09,COTTON TREE HANDICAP,17:20,Turf,A,1400,Good,1860000,80-60,C3,7,BEAUTY CRESCENT,128,Y L Chung (-2),8,A S Cruz,72,1086,85.0,6,Gelding,0,8554950,Acclamation,Up In Time,HK_2022_H334,ST_20260906_R09_07,https://racing.hkjc.com/en-us/local/information/horse?horseid=HK_2022_H334,https://racing.hkjc.com/en-us/local/information/racecard?racedate=2026/09/06&Racecourse=ST&RaceNo=9
2026-09-06,ST,Sha Tin,9,ST_20260906_R09,COTTON TREE HANDICAP,17:20,Turf,A,1400,Good,1860000,80-60,C3,8,FLYING FORTRESS,123,H Bentley,4,W K Mo,67,1035,56.0,6,Gelding,0,5721550,Shamexpress,Starguru,HK_2023_J445,ST_20260906_R09_08,https://racing.hkjc.com/en-us/local/information/horse?horseid=HK_2023_J445,https://racing.hkjc.com/en-us/local/information/racecard?racedate=2026/09/06&Racecourse=ST&RaceNo=9
2026-09-06,ST,Sha Tin,9,ST_20260906_R09,COTTON TREE HANDICAP,17:20,Turf,A,1400,Good,1860000,80-60,C3,9,YUEN LONG ELITE,123,M L Yeung,5,K L Man,67,1157,67.0,6,Gelding,0,3859450,Grunt,Tuscadero,HK_2023_J272,ST_20260906_R09_09,https://racing.hkjc.com/en-us/local/information/horse?horseid=HK_2023_J272,https://racing.hkjc.com/en-us/local/information/racecard?racedate=2026/09/06&Racecourse=ST&RaceNo=9
2026-09-06,ST,Sha Tin,9,ST_20260906_R09,COTTON TREE HANDICAP,17:20,Turf,A,1400,Good,1860000,80-60,C3,10,TITANCK,120,M Chadwick,3,B Crawford,64,1164,,3,Gelding,0,0,Invincible Spirit,Pie In The Sky,HK_2025_L299,ST_20260906_R09_10,https://racing.hkjc.com/en-us/local/information/horse?horseid=HK_2025_L299,https://racing.hkjc.com/en-us/local/information/racecard?racedate=2026/09/06&Racecourse=ST&RaceNo=9
2026-09-06,ST,Sha Tin,9,ST_20260906_R09,COTTON TREE HANDICAP,17:20,Turf,A,1400,Good,1860000,80-60,C3,11,EXCELLENCE VALUE,117,P N Wong (-7),9,W Y So,61,1186,137.0,6,Gelding,0,5301600,Fastnet Rock,Wedding Veil,HK_2024_K093,ST_20260906_R09_11,https://racing.hkjc.com/en-us/local/information/horse?horseid=HK_2024_K093,https://racing.hkjc.com/en-us/local/information/racecard?racedate=2026/09/06&Racecourse=ST&RaceNo=9
2026-09-06,ST,Sha Tin,10,ST_20260906_R10,BATTERY HANDICAP,17:55,Turf,A,1200,Good,1860000,80-60,C3,1,PUBLIC ATTENTION,135,K Teetan,8,B Crawford,80,1168,67.0,5,Gelding,0,1711200,Written Tycoon,Legramor,HK_2025_L035,ST_20260906_R10_01,https://racing.hkjc.com/en-us/local/information/horse?horseid=HK_2025_L035,https://racing.hkjc.com/en-us/local/information/racecard?racedate=2026/09/06&Racecourse=ST&RaceNo=10
2026-09-06,ST,Sha Tin,10,ST_20260906_R10,BATTERY HANDICAP,17:55,Turf,A,1200,Good,1860000,80-60,C3,2,JUMBO TREASURE,132,K C Leung,12,W K Mo,77,1122,74.0,6,Gelding,0,4596900,Written Tycoon,Secret Liaison,HK_2024_K249,ST_20260906_R10_02,https://racing.hkjc.com/en-us/local/information/horse?horseid=HK_2024_K249,https://racing.hkjc.com/en-us/local/information/racecard?racedate=2026/09/06&Racecourse=ST&RaceNo=10
2026-09-06,ST,Sha Tin,10,ST_20260906_R10,BATTERY HANDICAP,17:55,Turf,A,1200,Good,1860000,80-60,C3,3,AKASHVANI,130,B Avdulla,10,D A Hayes,75,1093,85.0,5,Gelding,0,4073200,Alpine Eagle,Roses In The Glen,HK_2024_K234,ST_20260906_R10_03,https://racing.hkjc.com/en-us/local/information/horse?horseid=HK_2024_K234,https://racing.hkjc.com/en-us/local/information/racecard?racedate=2026/09/06&Racecourse=ST&RaceNo=10
2026-09-06,ST,Sha Tin,10,ST_20260906_R10,BATTERY HANDICAP,17:55,Turf,A,1200,Good,1860000,80-60,C3,4,GUSTOSISIMO,130,H Bowman,2,A S Cruz,75,1208,71.0,6,Gelding,0,9178300,Exceed And Excel,Kaniana,HK_2023_J303,ST_20260906_R10_04,https://racing.hkjc.com/en-us/local/information/horse?horseid=HK_2023_J303,https://racing.hkjc.com/en-us/local/information/racecard?racedate=2026/09/06&Racecourse=ST&RaceNo=10
2026-09-06,ST,Sha Tin,10,ST_20260906_R10,BATTERY HANDICAP,17:55,Turf,A,1200,Good,1860000,80-60,C3,5,JUBILANT WINNER,130,P N Wong (-7),11,J Richards,75,1198,60.0,6,Gelding,0,4512600,Capitalist,We Can Dance,HK_2023_J346,ST_20260906_R10_05,https://racing.hkjc.com/en-us/local/information/horse?horseid=HK_2023_J346,https://racing.hkjc.com/en-us/local/information/racecard?racedate=2026/09/06&Racecourse=ST&RaceNo=10
2026-09-06,ST,Sha Tin,10,ST_20260906_R10,BATTERY HANDICAP,17:55,Turf,A,1200,Good,1860000,80-60,C3,6,GOLD PATCH,129,C Y Ho,5,K W Lui,74,1123,56.0,4,Gelding,0,2700450,Ardrossan,La Donna,HK_2025_L099,ST_20260906_R10_06,https://racing.hkjc.com/en-us/local/information/horse?horseid=HK_2025_L099,https://racing.hkjc.com/en-us/local/information/racecard?racedate=2026/09/06&Racecourse=ST&RaceNo=10
2026-09-06,ST,Sha Tin,10,ST_20260906_R10,BATTERY HANDICAP,17:55,Turf,A,1200,Good,1860000,80-60,C3,7,LUCY IN THE SKY,126,A Badel,1,Y S Tsui,71,1225,153.0,6,Gelding,0,4510200,No Nay Never,Spiced,HK_2023_J275,ST_20260906_R10_07,https://racing.hkjc.com/en-us/local/information/horse?horseid=HK_2023_J275,https://racing.hkjc.com/en-us/local/information/racecard?racedate=2026/09/06&Racecourse=ST&RaceNo=10
2026-09-06,ST,Sha Tin,10,ST_20260906_R10,BATTERY HANDICAP,17:55,Turf,A,1200,Good,1860000,80-60,C3,8,SUPER STRONG KID,125,A Atzeni,6,K L Man,70,1218,67.0,5,Gelding,0,2616300,Brutal,Cappamore,HK_2024_K180,ST_20260906_R10_08,https://racing.hkjc.com/en-us/local/information/horse?horseid=HK_2024_K180,https://racing.hkjc.com/en-us/local/information/racecard?racedate=2026/09/06&Racecourse=ST&RaceNo=10
2026-09-06,ST,Sha Tin,10,ST_20260906_R10,BATTERY HANDICAP,17:55,Turf,A,1200,Good,1860000,80-60,C3,9,CALA DEI MORI,122,E C W Wong (-3),3,C S Shum,67,1081,67.0,3,Gelding,0,0,Dandy Man,My Excelsa,HK_2025_L428,ST_20260906_R10_09,https://racing.hkjc.com/en-us/local/information/horse?horseid=HK_2025_L428,https://racing.hkjc.com/en-us/local/information/racecard?racedate=2026/09/06&Racecourse=ST&RaceNo=10
2026-09-06,ST,Sha Tin,10,ST_20260906_R10,BATTERY HANDICAP,17:55,Turf,A,1200,Good,1860000,80-60,C3,10,THE HEIR,122,H Bentley,13,C Fownes,67,1188,74.0,7,Gelding,0,5547850,Impending,Isola Blu,HK_2022_H459,ST_20260906_R10_10,https://racing.hkjc.com/en-us/local/information/horse?horseid=HK_2022_H459,https://racing.hkjc.com/en-us/local/information/racecard?racedate=2026/09/06&Racecourse=ST&RaceNo=10
2026-09-06,ST,Sha Tin,10,ST_20260906_R10,BATTERY HANDICAP,17:55,Turf,A,1200,Good,1860000,80-60,C3,11,THOUSAND SPIRIT,119,L Hewitson,9,M Newnham,64,1046,71.0,5,Gelding,0,1705200,Exceedance,La Questa,HK_2024_K365,ST_20260906_R10_11,https://racing.hkjc.com/en-us/local/information/horse?horseid=HK_2024_K365,https://racing.hkjc.com/en-us/local/information/racecard?racedate=2026/09/06&Racecourse=ST&RaceNo=10
2026-09-06,ST,Sha Tin,10,ST_20260906_R10,BATTERY HANDICAP,17:55,Turf,A,1200,Good,1860000,80-60,C3,12,MASTER PAYMENT,118,Z Purton,7,C H Yip,63,1096,91.0,4,Gelding,0,1146600,Hanseatic,Ragazze,HK_2025_L159,ST_20260906_R10_12,https://racing.hkjc.com/en-us/local/information/horse?horseid=HK_2025_L159,https://racing.hkjc.com/en-us/local/information/racecard?racedate=2026/09/06&Racecourse=ST&RaceNo=10
2026-09-06,ST,Sha Tin,10,ST_20260906_R10,BATTERY HANDICAP,17:55,Turf,A,1200,Good,1860000,80-60,C3,13,SUGAR GOODSON,117,Y L Chung (-2),4,C S Shum,62,1019,64.0,3,Gelding,0,0,Sea The Moon,A Touch Of Luck,HK_2025_L303,ST_20260906_R10_13,https://racing.hkjc.com/en-us/local/information/horse?horseid=HK_2025_L303,https://racing.hkjc.com/en-us/local/information/racecard?racedate=2026/09/06&Racecourse=ST&RaceNo=10
