MeetingDate,Racecourse,RaceNo,Pla.,Horse No.,Horse,Jockey,Trainer,Act. Wt.,Declar. Horse Wt.,Dr.,LBW,Finish Time,Win Odds
2006-12-13,HV,1,1,5,FEBURO (CE203),D Nikolic,P O'Sullivan,125,945,1,---,2:18.90,4.1
2006-12-13,HV,1,2,9,FLYING PROFILE (CD168),M Nunes,D Cruz,118,1087,3,1-1/4,2:19.10,15.0
2006-12-13,HV,1,3,10,WISHING WELL (CD368),K L Chui,T K Ng,108,1052,8,3,2:19.30,30.0
2006-12-13,HV,1,4,12,DANEPRINT (CC221),Y T Cheng,C H Yip,112,1070,12,3-3/4,2:19.50,19.0
2006-12-13,HV,1,5,2,BAUHINIA (CD118),O Doleuze,S Woods,128,1056,5,4-1/2,2:19.60,20.0
2006-12-13,HV,1,6,11,SHOW BRAVELY (CB388),B Prebble,Y S Tsui,118,1119,10,4-3/4,2:19.60,13.0
2006-12-13,HV,1,7,3,SPECTACULAR HIT (CC194),E Saint-Martin,L Ho,128,1064,2,4-3/4,2:19.60,6.4
2006-12-13,HV,1,8,6,NEW TAMAR (CE156),D Whyte,C S Shum,124,1120,6,5-1/2,2:19.70,5.3
2006-12-13,HV,1,9,1,NATURAL ECHO (CB326),G Mosse,K L Man,130,1148,7,5-1/2,2:19.70,8.0
2006-12-13,HV,1,10,4,NOBLE BOSS (CD360),F Coetzee,A T Millard,126,1015,4,6,2:19.80,7.0
2006-12-13,HV,1,11,7,FORTUNE GOLD (CD343),A Delpech,J Size,119,1247,9,10,2:20.50,20.0
2006-12-13,HV,1,12,8,LUCKY YEARS (CD331),A Starke,B K Ng,119,1166,11,10-3/4,2:20.60,24.0
2006-12-13,HV,2,1,1,FLAG FINDER (CE224),D Whyte,D E Ferraris,133,1045,9,---,1:10.10,3.1
2006-12-13,HV,2,2,7,BALL OF FIRE (CD020),H K Yim,A Schutz,122,1213,10,3-3/4,1:10.60,5.4
2006-12-13,HV,2,3,11,BEAMING RIVER (CB078),M Nunes,T W Leung,114,1012,3,3-3/4,1:10.70,7.6
2006-12-13,HV,2,4,10,DR HAENSLER (CE003),M Odendaal,A Lee,119,1140,4,4-1/4,1:10.80,11.0
2006-12-13,HV,2,5,9,RAINBOW EXPRESS (CE144),E Saint-Martin,C S Shum,122,1003,8,4-3/4,1:10.90,23.0
2006-12-13,HV,2,6,8,A-TACK (CC343),A Delpech,T K Ng,122,1075,2,5-1/4,1:10.90,7.0
2006-12-13,HV,2,7,5,MAJIN BUU (CC334),O Doleuze,Y S Tsui,128,1109,5,6-1/4,1:11.10,7.6
2006-12-13,HV,2,8,12,WINNING CHAMP (CE233),S K Sit,C H Yip,110,1037,12,6-1/2,1:11.10,52.0
2006-12-13,HV,2,9,3,AMBITIOUS LEADER (CC082),P H Lo,C W Chang,124,1015,7,7-1/4,1:11.20,62.0
2006-12-13,HV,2,10,4,DANCING FAITH (CE297),C K Tong,D Cruz,122,1010,1,10-1/4,1:11.70,63.0
2006-12-13,HV,2,11,2,AMBITION (CC079),G Mosse,K W Lui,131,1077,6,10-3/4,1:11.80,11.0
2006-12-13,HV,2,12,6,SUNRISE LINING (CG030),Y T Cheng,B K Ng,123,1060,11,13-1/4,1:12.20,34.0
2006-12-13,HV,3,1,1,BRAVE KNIGHT (CC131),C W Wong,C H Yip,124,1163,4,---,1:10.20,11.0
2006-12-13,HV,3,2,4,BODACIOUS (CD170),B Prebble,D J Hall,125,1033,6,3/4,1:10.30,2.9
2006-12-13,HV,3,3,12,FAST TRACK (CB375),C K Tong,C Fownes,107,1122,1,1,1:10.40,9.6
2006-12-13,HV,3,4,5,FLYING KENNY (CC244),M Nunes,T W Leung,125,1146,5,1-3/4,1:10.50,12.0
2006-12-13,HV,3,5,3,HAPPY KID (CC326),E Saint-Martin,C S Shum,129,1187,7,2-1/2,1:10.60,23.0
2006-12-13,HV,3,6,6,GENERAL DANSKE (CG296),D Nikolic,K W Lui,124,1115,10,3,1:10.70,4.2
2006-12-13,HV,3,7,10,WAFER KING (CD276),O Doleuze,C W Chang,120,1113,2,3,1:10.70,6.9
2006-12-13,HV,3,8,9,KINGSTON WINNER (CC024),K S Yu,T K Ng,118,1067,3,3-1/4,1:10.70,12.0
2006-12-13,HV,3,9,7,KEEN TAKER (CH022),F Coetzee,A T Millard,124,1209,9,3-3/4,1:10.80,46.0
2006-12-13,HV,3,10,2,VICTORY WARRIOR (CA338),K L Chui,B K Ng,121,1129,8,4-1/4,1:10.90,20.0
2006-12-13,HV,3,11,11,SOUTH BREEZE (CG241),S Dye,A Lee,117,1214,11,5-1/2,1:11.10,40.0
2006-12-13,HV,3,12,8,KING'S CHOICE (CG040),H W Lai,L Ho,117,963,12,8,1:11.50,99.0
2006-12-13,HV,4,1,3,STAR OF FAME (CH043),F Coetzee,A T Millard,125,1118,10,---,1:10.60,8.2
2006-12-13,HV,4,2,12,OBVIOUSLY (CG085),K L Chui,D E Ferraris,104,1133,8,N,1:10.70,24.0
2006-12-13,HV,4,3,1,DR POSSI (CE288),G Mosse,C H Yip,131,1163,3,1,1:10.80,5.6
2006-12-13,HV,4,4,9,GEM MASTER (CG235),E Saint-Martin,C S Shum,120,1036,2,1-1/4,1:10.80,43.0
2006-12-13,HV,4,5,10,NEW TRIUMPH (CG105),B Prebble,Y S Tsui,118,1132,9,2,1:10.90,6.0
2006-12-13,HV,4,6,8,SPLENDID SAILS (CG077),O Doleuze,K L Man,121,1111,4,2-3/4,1:11.00,6.3
2006-12-13,HV,4,7,4,BUDDIES SPIRIT (CD042),D Nikolic,P O'Sullivan,124,1075,5,3,1:11.10,3.5
2006-12-13,HV,4,8,2,SUPER FIGHTER (CE167),D Whyte,T W Leung,130,1062,6,5-1/4,1:11.50,8.1
2006-12-13,HV,4,9,6,GOLDEN STRIDE (CA343),M Nunes,P F Yiu,123,1187,12,5-1/2,1:11.50,34.0
2006-12-13,HV,4,10,11,PROFIT HILL (CE274),M Odendaal,S Woods,115,1019,11,7,1:11.70,34.0
2006-12-13,HV,4,11,7,REWARDING STAR (CG234),H W Lai,J Moore,117,1041,1,7,1:11.70,32.0
2006-12-13,HV,4,12,5,SPICY HOT (CH064),S Dye,C Fownes,124,1088,7,10-3/4,1:12.30,31.0
2006-12-13,HV,5,1,12,THUNDER FLASH (CG270),B Prebble,D J Hall,117,1068,1,---,0:57.10,2.2
2006-12-13,HV,5,2,2,FLYING SPRINTER (CD021),H K Yim,T W Leung,125,1238,3,3-1/4,0:57.70,5.9
2006-12-13,HV,5,3,8,GLORY YEARS (CE023),G Mosse,A Lee,123,1346,10,3-3/4,0:57.70,8.9
2006-12-13,HV,5,4,4,GENKI KING (CD309),K L Chui,A S Cruz,116,1109,8,3-3/4,0:57.80,41
2006-12-13,HV,5,5,7,GAUCHO (CE033),O Doleuze,D E Ferraris,123,1181,5,4-1/2,0:57.90,6.7
2006-12-13,HV,5,6,9,ZAVONE (CG036),S Dye,C Fownes,123,1036,4,5-3/4,0:58.10,6.7
2006-12-13,HV,5,7,3,WISE LOVER (CE095),D Whyte,Y O Wong,127,1135,11,6-1/4,0:58.10,23
2006-12-13,HV,5,8,5,AMO (CB125),H W Lai,Y S Tsui,120,1192,12,6-1/2,0:58.20,32
2006-12-13,HV,5,9,10,GRAND FIGHTER (CA225),P H Lo,B K Ng,113,1038,6,7-1/2,0:58.30,27
2006-12-13,HV,5,10,6,DAV AND MING (CH055),D Nikolic,P O'Sullivan,125,1068,7,11-3/4,0:59.00,21
2006-12-13,HV,5,WV-A,1,FLASHING STAR (CC018),C W Wong,P F Yiu,123,---,---,---,---,---
2006-12-13,HV,5,WV-A,11,INDUSTRIAL MARVEL (CG188),Y T Cheng,C H Yip,116,---,---,---,---,---
2006-12-13,HV,6,1,1,MAGI JOY (CH056),O Doleuze,L Ho,132,1036,8,---,1:42.00,12.0
2006-12-13,HV,6,2,8,CHINOOK (CC108),K L Chui,D E Ferraris,112,1178,10,1/2,1:42.10,23.0
2006-12-13,HV,6,3,3,TREASURE RAIDERS (CE049),B Prebble,P O'Sullivan,130,1143,2,3/4,1:42.10,4.0
2006-12-13,HV,6,4,9,MUTUAL GAIN (CE275),Y T Cheng,T W Leung,115,1054,9,1-3/4,1:42.30,20.0
2006-12-13,HV,6,5,2,MILITARY OPTION (CD237),G Mosse,K L Man,132,1117,3,1-3/4,1:42.30,5.3
2006-12-13,HV,6,6,10,DANRIVA (CA040),S K Sit,T K Ng,113,1041,11,2-1/2,1:42.40,23.0
2006-12-13,HV,6,7,6,RAIN IN SPRING (CC320),D Nikolic,C Fownes,124,961,1,3-1/2,1:42.50,10.0
2006-12-13,HV,6,8,4,CAPABILITY (CE094),D Whyte,Y O Wong,124,1128,6,4,1:42.60,2.7
2006-12-13,HV,6,9,12,LA MERVEILLE (CC205),M Nunes,A Schutz,116,1075,12,5,1:42.80,27.0
2006-12-13,HV,6,10,5,GLORIOUS RHYTHM (CC163),A Starke,J Moore,124,1059,5,10,1:43.60,23.0
2006-12-13,HV,6,11,7,NOBLE RAIDER (CG162),E Saint-Martin,C S Shum,123,1135,4,11,1:43.80,91.0
2006-12-13,HV,6,12,11,KOWLOON TREASURE (CE017),M Odendaal,D Cruz,116,1067,7,15,1:44.40,99.0
2006-12-13,HV,7,1,5,KING ENCOSTA (CG247),K L Chui,A S Cruz,112,1199,8,---,1:09.70,2.4
2006-12-13,HV,7,2,3,CANNONISE (CD377),S Dye,A Lee,123,1093,4,1-3/4,1:10.00,9.9
2006-12-13,HV,7,3,7,MASTER POWER (CG318),D Nikolic,J Moore,121,1057,12,2,1:10.00,12.0
2006-12-13,HV,7,4,2,FIFTY FIFTY (CD131),G Mosse,C Fownes,127,1138,9,2-3/4,1:10.10,9.5
2006-12-13,HV,7,5,6,CHATER POWER (CG312),D Whyte,D E Ferraris,121,1124,2,2-3/4,1:10.10,3.7
2006-12-13,HV,7,6,4,BULB KING (CD303),M Odendaal,T K Ng,122,1113,5,3-1/2,1:10.20,32.0
2006-12-13,HV,7,7,11,CLASSA FOR EVER (CD085),H W Lai,L Ho,113,1104,1,3-1/2,1:10.20,22.0
2006-12-13,HV,7,8,1,EVERY TIME (CD314),E Saint-Martin,C S Shum,129,1230,3,3-3/4,1:10.30,9.2
2006-12-13,HV,7,9,10,BRAMBLE BLITZ (CG283),O Doleuze,D Cruz,120,1113,11,4,1:10.30,57.0
2006-12-13,HV,7,10,8,TRAVEL CONSULTANT (CG266),C W Wong,C H Yip,114,1061,10,5-1/2,1:10.60,92.0
2006-12-13,HV,7,11,9,WEALTHY TREASURE (CC270),H K Yim,D J Hall,119,1066,7,6-1/4,1:10.70,64.0
2006-12-13,HV,7,12,12,SPLENDOUR GOLD (CG316),M W Leung,C W Chang,110,1217,6,6-3/4,1:10.80,99.0
2006-12-13,HV,8,1,7,NOBLE CONQUEROR (CG169),O Doleuze,C Fownes,123,1124,7,---,1:40.00,2.5
2006-12-13,HV,8,2,12,TRIUMPH (CC214),Y T Cheng,C H Yip,112,1065,5,1-1/4,1:40.20,15.0
2006-12-13,HV,8,3,8,VICTORY TURBO (CD320),D Whyte,P O'Sullivan,121,1174,4,2-1/2,1:40.40,4.9
2006-12-13,HV,8,4,6,DON RICARDO (CE262),F Coetzee,J Size,124,1154,3,3-1/2,1:40.50,7.1
2006-12-13,HV,8,5,10,ABLE KNIGHT (CE079),P H Lo,J Moore,110,1009,1,3-1/2,1:40.50,25.0
2006-12-13,HV,8,6,4,MOVE IT (CD211),M Nunes,T W Leung,126,1114,12,4,1:40.60,14.0
2006-12-13,HV,8,7,2,SYDNEY EXPRESS (CG052),K L Chui,D E Ferraris,120,1124,9,4-1/4,1:40.70,18.0
2006-12-13,HV,8,8,1,ADD THE FUN (CD308),G Mosse,K W Lui,132,1131,11,6,1:40.90,13.0
2006-12-13,HV,8,9,9,SOLAR (CC198),S Dye,A Lee,120,1049,2,6-1/4,1:41.00,70.0
2006-12-13,HV,8,10,11,FAT DRAGON (CD130),H W Lai,Y S Tsui,109,1099,6,8-1/4,1:41.30,29.0
2006-12-13,HV,8,11,5,KING OF FISH (CB105),B Prebble,K L Man,125,1172,8,9-1/2,1:41.50,9.2
2006-12-13,HV,8,12,3,HEALTHY WEALTHY (CC067),A Starke,S Woods,126,1142,10,10-1/4,1:41.60,62.0
